sound_event_recording,start_time,end_time,ele,azi,dist
-1,0.38,1.26,-12.6382457681,-11.6586370282,None
-1,2.08,4.38,-25.8751115105,-70.1460814388,None
-1,5.34,7.08,6.07365023572,-115.599017749,None
-1,5.52,6.88,39.7773678402,52.4811883923,None
